name,type1,type2,hp,attack,defense,sp_attack,sp_defense,speed,base_total,height_m,weight_kg,capture_rate,is_legendary
Bulbasaur,grass,poison,45,49,49,65,65,45,318,0.7,6.9,45,0
Ivysaur,grass,poison,60,62,63,80,80,60,405,1.0,13.0,45,0
Venusaur,grass,poison,80,100,123,122,120,80,625,2.0,100.0,45,0
Charmander,fire,,39,52,43,60,50,65,309,0.6,8.5,45,0
Charmeleon,fire,,58,64,58,80,65,80,405,1.1,19.0,45,0
Charizard,fire,flying,78,104,78,159,115,100,634,1.7,90.5,45,0
Squirtle,water,,44,48,65,50,64,43,314,0.5,9.0,45,0
Wartortle,water,,59,63,80,65,80,58,405,1.0,22.5,45,0
Blastoise,water,,79,103,120,135,115,78,630,1.6,85.5,45,0
Caterpie,bug,,45,30,35,20,20,45,195,0.3,2.9,255,0
Metapod,bug,,50,20,55,25,25,30,205,0.7,9.9,120,0
Butterfree,bug,flying,60,45,50,90,80,70,395,1.1,32.0,45,0
Weedle,bug,poison,40,35,30,20,20,50,195,0.3,3.2,255,0
Kakuna,bug,poison,45,25,50,25,25,35,205,0.6,10.0,120,0
Beedrill,bug,poison,65,150,40,15,80,145,495,1.0,29.5,45,0
Pidgey,normal,flying,40,45,40,35,35,56,251,0.3,1.8,255,0
Pidgeotto,normal,flying,63,60,55,50,50,71,349,1.1,30.0,120,0
Pidgeot,normal,flying,83,80,80,135,80,121,579,1.5,39.5,45,0
Rattata,normal,dark,30,56,35,25,35,72,253,,,255,0
Raticate,normal,dark,75,71,70,40,80,77,413,,,127,0
Spearow,normal,flying,40,60,30,31,31,70,262,0.3,2.0,255,0
Fearow,normal,flying,65,90,65,61,61,100,442,1.2,38.0,90,0
Ekans,poison,,35,60,44,40,54,55,288,2.0,6.9,255,0
Arbok,poison,,60,95,69,65,79,80,448,3.5,65.0,90,0
Pikachu,electric,,35,55,40,50,50,90,320,0.4,6.0,190,0
Raichu,electric,electric,60,85,50,95,85,110,485,,,75,0
Sandshrew,ground,ice,50,75,90,10,35,40,300,,,255,0
Sandslash,ground,ice,75,100,120,25,65,65,450,,,90,0
Nidoran♀,poison,,55,47,52,40,40,41,275,0.4,7.0,235,0
Nidorina,poison,,70,62,67,55,55,56,365,0.8,20.0,120,0
Nidoqueen,poison,ground,90,92,87,75,85,76,505,1.3,60.0,45,0
Nidoran♂,poison,,46,57,40,40,40,50,273,0.5,9.0,235,0
Nidorino,poison,,61,72,57,55,55,65,365,0.9,19.5,120,0
Nidoking,poison,ground,81,102,77,85,75,85,505,1.4,62.0,45,0
Clefairy,fairy,,70,45,48,60,65,35,323,0.6,7.5,150,0
Clefable,fairy,,95,70,73,95,90,60,483,1.3,40.0,25,0
Vulpix,fire,ice,38,41,40,50,65,65,299,,,190,0
Ninetales,fire,ice,73,67,75,81,100,109,505,,,75,0
Jigglypuff,normal,fairy,115,45,20,45,25,20,270,0.5,5.5,170,0
Wigglytuff,normal,fairy,140,70,45,85,50,45,435,1.0,12.0,50,0
Zubat,poison,flying,40,45,35,30,40,55,245,0.8,7.5,255,0
Golbat,poison,flying,75,80,70,65,75,90,455,1.6,55.0,90,0
Oddish,grass,poison,45,50,55,75,65,30,320,0.5,5.4,255,0
Gloom,grass,poison,60,65,70,85,75,40,395,0.8,8.6,120,0
Vileplume,grass,poison,75,80,85,110,90,50,490,1.2,18.6,45,0
Paras,bug,grass,35,70,55,45,55,25,285,0.3,5.4,190,0
Parasect,bug,grass,60,95,80,60,80,30,405,1.0,29.5,75,0
Venonat,bug,poison,60,55,50,40,55,45,305,1.0,30.0,190,0
Venomoth,bug,poison,70,65,60,90,75,90,450,1.5,12.5,75,0
Diglett,ground,ground,10,55,30,35,45,90,265,,,255,0
Dugtrio,ground,ground,35,100,60,50,70,110,425,,,50,0
Meowth,normal,dark,40,35,35,50,40,90,290,,,255,0
Persian,normal,dark,65,60,60,75,65,115,440,,,90,0
Psyduck,water,,50,52,48,65,50,55,320,0.8,19.6,190,0
Golduck,water,,80,82,78,95,80,85,500,1.7,76.6,75,0
Mankey,fighting,,40,80,35,35,45,70,305,0.5,28.0,190,0
Primeape,fighting,,65,105,60,60,70,95,455,1.0,32.0,75,0
Growlithe,fire,,55,70,45,70,50,60,350,0.7,19.0,190,0
Arcanine,fire,,90,110,80,100,80,95,555,1.9,155.0,75,0
Poliwag,water,,40,50,40,40,40,90,300,0.6,12.4,255,0
Poliwhirl,water,,65,65,65,50,50,90,385,1.0,20.0,120,0
Poliwrath,water,fighting,90,95,95,70,90,70,510,1.3,54.0,45,0
Abra,psychic,,25,20,15,105,55,90,310,0.9,19.5,200,0
Kadabra,psychic,,40,35,30,120,70,105,400,1.3,56.5,100,0
Alakazam,psychic,,55,50,65,175,105,150,600,1.5,48.0,50,0
Machop,fighting,,70,80,50,35,35,35,305,0.8,19.5,180,0
Machoke,fighting,,80,100,70,50,60,45,405,1.5,70.5,90,0
Machamp,fighting,,90,130,80,65,85,55,505,1.6,130.0,45,0
Bellsprout,grass,poison,50,75,35,70,30,40,300,0.7,4.0,255,0
Weepinbell,grass,poison,65,90,50,85,45,55,390,1.0,6.4,120,0
Victreebel,grass,poison,80,105,65,100,70,70,490,1.7,15.5,45,0
Tentacool,water,poison,40,40,35,50,100,70,335,0.9,45.5,190,0
Tentacruel,water,poison,80,70,65,80,120,100,515,1.6,55.0,60,0
Geodude,rock,ground,40,80,100,30,30,20,300,,,255,0
Graveler,rock,ground,55,95,115,45,45,35,390,,,120,0
Golem,rock,ground,80,120,130,55,65,45,495,,,45,0
Ponyta,fire,,50,85,55,65,65,90,410,1.0,30.0,190,0
Rapidash,fire,,65,100,70,80,80,105,500,1.7,95.0,60,0
Slowpoke,water,psychic,90,65,65,40,40,15,315,1.2,36.0,190,0
Slowbro,water,psychic,95,75,180,130,80,30,590,1.6,78.5,75,0
Magnemite,electric,steel,25,35,70,95,55,45,325,0.3,6.0,190,0
Magneton,electric,steel,50,60,95,120,70,70,465,1.0,60.0,60,0
Farfetch'd,normal,flying,52,90,55,58,62,60,377,0.8,15.0,45,0
Doduo,normal,flying,35,85,45,35,35,75,310,1.4,39.2,190,0
Dodrio,normal,flying,60,110,70,60,60,110,470,1.8,85.2,45,0
Seel,water,,65,45,55,45,70,45,325,1.1,90.0,190,0
Dewgong,water,ice,90,70,80,70,95,70,475,1.7,120.0,75,0
Grimer,poison,poison,80,80,50,40,50,25,325,,,190,0
Muk,poison,poison,105,105,75,65,100,50,500,,,75,0
Shellder,water,,30,65,100,45,25,40,305,0.3,4.0,190,0
Cloyster,water,ice,50,95,180,85,45,70,525,1.5,132.5,60,0
Gastly,ghost,poison,30,35,30,100,35,80,310,1.3,0.1,190,0
Haunter,ghost,poison,45,50,45,115,55,95,405,1.6,0.1,90,0
Gengar,ghost,poison,60,65,80,170,95,130,600,1.5,40.5,45,0
Onix,rock,ground,35,45,160,30,45,70,385,8.8,210.0,45,0
Drowzee,psychic,,60,48,45,43,90,42,328,1.0,32.4,190,0
Hypno,psychic,,85,73,70,73,115,67,483,1.6,75.6,75,0
Krabby,water,,30,105,90,25,25,50,325,0.4,6.5,225,0
Kingler,water,,55,130,115,50,50,75,475,1.3,60.0,60,0
Voltorb,electric,,40,30,50,55,55,100,330,0.5,10.4,190,0
Electrode,electric,,60,50,70,80,80,150,490,1.2,66.6,60,0
Exeggcute,grass,psychic,60,40,80,60,45,40,325,0.4,2.5,90,0
Exeggutor,grass,psychic,95,105,85,125,75,45,530,,,45,0
Cubone,ground,,50,50,95,40,50,35,320,0.4,6.5,190,0
Marowak,ground,fire,60,80,110,50,80,45,425,,,75,0
Hitmonlee,fighting,,50,120,53,35,110,87,455,1.5,49.8,45,0
Hitmonchan,fighting,,50,105,79,35,110,76,455,1.4,50.2,45,0
Lickitung,normal,,90,55,75,60,75,30,385,1.2,65.5,45,0
Koffing,poison,,40,65,95,60,45,35,340,0.6,1.0,190,0
Weezing,poison,,65,90,120,85,70,60,490,1.2,9.5,60,0
Rhyhorn,ground,rock,80,85,95,30,30,25,345,1.0,115.0,120,0
Rhydon,ground,rock,105,130,120,45,45,40,485,1.9,120.0,60,0
Chansey,normal,,250,5,5,35,105,50,450,1.1,34.6,30,0
Tangela,grass,,65,55,115,100,40,60,435,1.0,35.0,45,0
Kangaskhan,normal,,105,125,100,60,100,100,590,2.2,80.0,45,0
Horsea,water,,30,40,70,70,25,60,295,0.4,8.0,225,0
Seadra,water,,55,65,95,95,45,85,440,1.2,25.0,75,0
Goldeen,water,,45,67,60,35,50,63,320,0.6,15.0,225,0
Seaking,water,,80,92,65,65,80,68,450,1.3,39.0,60,0
Staryu,water,,30,45,55,70,55,85,340,0.8,34.5,225,0
Starmie,water,psychic,60,75,85,100,85,115,520,1.1,80.0,60,0
Mr. Mime,psychic,fairy,40,45,65,100,120,90,460,1.3,54.5,45,0
Scyther,bug,flying,70,110,80,55,80,105,500,1.5,56.0,45,0
Jynx,ice,psychic,65,50,35,115,95,95,455,1.4,40.6,45,0
Electabuzz,electric,,65,83,57,95,85,105,490,1.1,30.0,45,0
Magmar,fire,,65,95,57,100,85,93,495,1.3,44.5,45,0
Pinsir,bug,,65,155,120,65,90,105,600,1.5,55.0,45,0
Tauros,normal,,75,100,95,40,70,110,490,1.4,88.4,45,0
Magikarp,water,,20,10,55,15,20,80,200,0.9,10.0,255,0
Gyarados,water,flying,95,155,109,70,130,81,640,6.5,235.0,45,0
Lapras,water,ice,130,85,80,85,95,60,535,2.5,220.0,45,0
Ditto,normal,,48,48,48,48,48,48,288,0.3,4.0,35,0
Eevee,normal,,55,55,50,45,65,55,325,0.3,6.5,45,0
Vaporeon,water,,130,65,60,110,95,65,525,1.0,29.0,45,0
Jolteon,electric,,65,65,60,110,95,130,525,0.8,24.5,45,0
Flareon,fire,,65,130,60,95,110,65,525,0.9,25.0,45,0
Porygon,normal,,65,60,70,85,75,40,395,0.8,36.5,45,0
Omanyte,rock,water,35,40,100,90,55,35,355,0.4,7.5,45,0
Omastar,rock,water,70,60,125,115,70,55,495,1.0,35.0,45,0
Kabuto,rock,water,30,80,90,55,45,55,355,0.5,11.5,45,0
Kabutops,rock,water,60,115,105,65,70,80,495,1.3,40.5,45,0
Aerodactyl,rock,flying,80,135,85,70,95,150,615,1.8,59.0,45,0
Snorlax,normal,,160,110,65,65,110,30,540,2.1,460.0,25,0
Articuno,ice,flying,90,85,100,95,125,85,580,1.7,55.4,3,1
Zapdos,electric,flying,90,90,85,125,90,100,580,1.6,52.6,3,1
Moltres,fire,flying,90,100,90,125,85,90,580,2.0,60.0,3,1
Dratini,dragon,,41,64,45,50,50,50,300,1.8,3.3,45,0
Dragonair,dragon,,61,84,65,70,70,70,420,4.0,16.5,45,0
Dragonite,dragon,flying,91,134,95,100,100,80,600,2.2,210.0,45,0
Mewtwo,psychic,,106,150,70,194,120,140,780,2.0,122.0,3,1
Mew,psychic,,100,100,100,100,100,100,600,0.4,4.0,45,1
Chikorita,grass,,45,49,65,49,65,45,318,0.9,6.4,45,0
Bayleef,grass,,60,62,80,63,80,60,405,1.2,15.8,45,0
Meganium,grass,,80,82,100,83,100,80,525,1.8,100.5,45,0
Cyndaquil,fire,,39,52,43,60,50,65,309,0.5,7.9,45,0
Quilava,fire,,58,64,58,80,65,80,405,0.9,19.0,45,0
Typhlosion,fire,,78,84,78,109,85,100,534,1.7,79.5,45,0
Totodile,water,,50,65,64,44,48,43,314,0.6,9.5,45,0
Croconaw,water,,65,80,80,59,63,58,405,1.1,25.0,45,0
Feraligatr,water,,85,105,100,79,83,78,530,2.3,88.8,45,0
Sentret,normal,,35,46,34,35,45,20,215,0.8,6.0,255,0
Furret,normal,,85,76,64,45,55,90,415,1.8,32.5,90,0
Hoothoot,normal,flying,60,30,30,36,56,50,262,0.7,21.2,255,0
Noctowl,normal,flying,100,50,50,86,96,70,452,1.6,40.8,90,0
Ledyba,bug,flying,40,20,30,40,80,55,265,1.0,10.8,255,0
Ledian,bug,flying,55,35,50,55,110,85,390,1.4,35.6,90,0
Spinarak,bug,poison,40,60,40,40,40,30,250,0.5,8.5,255,0
Ariados,bug,poison,70,90,70,60,70,40,400,1.1,33.5,90,0
Crobat,poison,flying,85,90,80,70,80,130,535,1.8,75.0,90,0
Chinchou,water,electric,75,38,38,56,56,67,330,0.5,12.0,190,0
Lanturn,water,electric,125,58,58,76,76,67,460,1.2,22.5,75,0
Pichu,electric,,20,40,15,35,35,60,205,0.3,2.0,190,0
Cleffa,fairy,,50,25,28,45,55,15,218,0.3,3.0,150,0
Igglybuff,normal,fairy,90,30,15,40,20,15,210,0.3,1.0,170,0
Togepi,fairy,,35,20,65,40,65,20,245,0.3,1.5,190,0
Togetic,fairy,flying,55,40,85,80,105,40,405,0.6,3.2,75,0
Natu,psychic,flying,40,50,45,70,45,70,320,0.2,2.0,190,0
Xatu,psychic,flying,65,75,70,95,70,95,470,1.5,15.0,75,0
Mareep,electric,,55,40,40,65,45,35,280,0.6,7.8,235,0
Flaaffy,electric,,70,55,55,80,60,45,365,0.8,13.3,120,0
Ampharos,electric,,90,95,105,165,110,45,610,1.4,61.5,45,0
Bellossom,grass,,75,80,95,90,100,50,490,0.4,5.8,45,0
Marill,water,fairy,70,20,50,20,50,40,250,0.4,8.5,190,0
Azumarill,water,fairy,100,50,80,60,80,50,420,0.8,28.5,75,0
Sudowoodo,rock,,70,100,115,30,65,30,410,1.2,38.0,65,0
Politoed,water,,90,75,75,90,100,70,500,1.1,33.9,45,0
Hoppip,grass,flying,35,35,40,35,55,50,250,0.4,0.5,255,0
Skiploom,grass,flying,55,45,50,45,65,80,340,0.6,1.0,120,0
Jumpluff,grass,flying,75,55,70,55,95,110,460,0.8,3.0,45,0
Aipom,normal,,55,70,55,40,55,85,360,0.8,11.5,45,0
Sunkern,grass,,30,30,30,30,30,30,180,0.3,1.8,235,0
Sunflora,grass,,75,75,55,105,85,30,425,0.8,8.5,120,0
Yanma,bug,flying,65,65,45,75,45,95,390,1.2,38.0,75,0
Wooper,water,ground,55,45,45,25,25,15,210,0.4,8.5,255,0
Quagsire,water,ground,95,85,85,65,65,35,430,1.4,75.0,90,0
Espeon,psychic,,65,65,60,130,95,110,525,0.9,26.5,45,0
Umbreon,dark,,95,65,110,60,130,65,525,1.0,27.0,45,0
Murkrow,dark,flying,60,85,42,85,42,91,405,0.5,2.1,30,0
Slowking,water,psychic,95,75,80,100,110,30,490,2.0,79.5,70,0
Misdreavus,ghost,,60,60,60,85,85,85,435,0.7,1.0,45,0
Unown,psychic,,48,72,48,72,48,48,336,0.5,5.0,225,0
Wobbuffet,psychic,,190,33,58,33,58,33,405,1.3,28.5,45,0
Girafarig,normal,psychic,70,80,65,90,65,85,455,1.5,41.5,60,0
Pineco,bug,,50,65,90,35,35,15,290,0.6,7.2,190,0
Forretress,bug,steel,75,90,140,60,60,40,465,1.2,125.8,75,0
Dunsparce,normal,,100,70,70,65,65,45,415,1.5,14.0,190,0
Gligar,ground,flying,65,75,105,35,65,85,430,1.1,64.8,60,0
Steelix,steel,ground,75,125,230,55,95,30,610,9.2,400.0,25,0
Snubbull,fairy,,60,80,50,40,40,30,300,0.6,7.8,190,0
Granbull,fairy,,90,120,75,60,60,45,450,1.4,48.7,75,0
Qwilfish,water,poison,65,95,85,55,55,85,440,0.5,3.9,45,0
Scizor,bug,steel,70,150,140,65,100,75,600,1.8,118.0,25,0
Shuckle,bug,rock,20,10,230,10,230,5,505,0.6,20.5,190,0
Heracross,bug,fighting,80,185,115,40,105,75,600,1.5,54.0,45,0
Sneasel,dark,ice,55,95,55,35,75,115,430,0.9,28.0,60,0
Teddiursa,normal,,60,80,50,50,50,40,330,0.6,8.8,120,0
Ursaring,normal,,90,130,75,75,75,55,500,1.8,125.8,60,0
Slugma,fire,,40,40,40,70,40,20,250,0.7,35.0,190,0
Magcargo,fire,rock,60,50,120,90,80,30,430,0.8,55.0,75,0
Swinub,ice,ground,50,50,40,30,30,50,250,0.4,6.5,225,0
Piloswine,ice,ground,100,100,80,60,60,50,450,1.1,55.8,75,0
Corsola,water,rock,65,55,95,65,95,35,410,0.6,5.0,60,0
Remoraid,water,,35,65,35,65,35,65,300,0.6,12.0,190,0
Octillery,water,,75,105,75,105,75,45,480,0.9,28.5,75,0
Delibird,ice,flying,45,55,45,65,45,75,330,0.9,16.0,45,0
Mantine,water,flying,85,40,70,80,140,70,485,2.1,220.0,25,0
Skarmory,steel,flying,65,80,140,40,70,70,465,1.7,50.5,25,0
Houndour,dark,fire,45,60,30,80,50,65,330,0.6,10.8,120,0
Houndoom,dark,fire,75,90,90,140,90,115,600,1.4,35.0,45,0
Kingdra,water,dragon,75,95,95,95,95,85,540,1.8,152.0,45,0
Phanpy,ground,,90,60,60,40,40,40,330,0.5,33.5,120,0
Donphan,ground,,90,120,120,60,60,50,500,1.1,120.0,60,0
Porygon2,normal,,85,80,90,105,95,60,515,0.6,32.5,45,0
Stantler,normal,,73,95,62,85,65,85,465,1.4,71.2,45,0
Smeargle,normal,,55,20,35,20,45,75,250,1.2,58.0,45,0
Tyrogue,fighting,,35,35,35,35,35,35,210,0.7,21.0,75,0
Hitmontop,fighting,,50,95,95,35,110,70,455,1.4,48.0,45,0
Smoochum,ice,psychic,45,30,15,85,65,65,305,0.4,6.0,45,0
Elekid,electric,,45,63,37,65,55,95,360,0.6,23.5,45,0
Magby,fire,,45,75,37,70,55,83,365,0.7,21.4,45,0
Miltank,normal,,95,80,105,40,70,100,490,1.2,75.5,45,0
Blissey,normal,,255,10,10,75,135,55,540,1.5,46.8,30,0
Raikou,electric,,90,85,75,115,100,115,580,1.9,178.0,3,1
Entei,fire,,115,115,85,90,75,100,580,2.1,198.0,3,1
Suicune,water,,100,75,115,90,115,85,580,2.0,187.0,3,1
Larvitar,rock,ground,50,64,50,45,50,41,300,0.6,72.0,45,0
Pupitar,rock,ground,70,84,70,65,70,51,410,1.2,152.0,45,0
Tyranitar,rock,dark,100,164,150,95,120,71,700,2.0,202.0,45,0
Lugia,psychic,flying,106,90,130,90,154,110,680,5.2,216.0,3,1
Ho-Oh,fire,flying,106,130,90,110,154,90,680,3.8,199.0,3,1
Celebi,psychic,grass,100,100,100,100,100,100,600,0.6,5.0,45,1
Treecko,grass,,40,45,35,65,55,70,310,0.5,5.0,45,0
Grovyle,grass,,50,65,45,85,65,95,405,0.9,21.6,45,0
Sceptile,grass,,70,110,75,145,85,145,630,1.7,52.2,45,0
Torchic,fire,,45,60,40,70,50,45,310,0.4,2.5,45,0
Combusken,fire,fighting,60,85,60,85,60,55,405,0.9,19.5,45,0
Blaziken,fire,fighting,80,160,80,130,80,100,630,1.9,52.0,45,0
Mudkip,water,,50,70,50,50,50,40,310,0.4,7.6,45,0
Marshtomp,water,ground,70,85,70,60,70,50,405,0.7,28.0,45,0
Swampert,water,ground,100,150,110,95,110,70,635,1.5,81.9,45,0
Poochyena,dark,,35,55,35,30,30,35,220,0.5,13.6,255,0
Mightyena,dark,,70,90,70,60,60,70,420,1.0,37.0,127,0
Zigzagoon,normal,,38,30,41,30,41,60,240,0.4,17.5,255,0
Linoone,normal,,78,70,61,50,61,100,420,0.5,32.5,90,0
Wurmple,bug,,45,45,35,20,30,20,195,0.3,3.6,255,0
Silcoon,bug,,50,35,55,25,25,15,205,0.6,10.0,120,0
Beautifly,bug,flying,60,70,50,100,50,65,395,1.0,28.4,45,0
Cascoon,bug,,50,35,55,25,25,15,205,0.7,11.5,120,0
Dustox,bug,poison,60,50,70,50,90,65,385,1.2,31.6,45,0
Lotad,water,grass,40,30,30,40,50,30,220,0.5,2.6,255,0
Lombre,water,grass,60,50,50,60,70,50,340,1.2,32.5,120,0
Ludicolo,water,grass,80,70,70,90,100,70,480,1.5,55.0,45,0
Seedot,grass,,40,40,50,30,30,30,220,0.5,4.0,255,0
Nuzleaf,grass,dark,70,70,40,60,40,60,340,1.0,28.0,120,0
Shiftry,grass,dark,90,100,60,90,60,80,480,1.3,59.6,45,0
Taillow,normal,flying,40,55,30,30,30,85,270,0.3,2.3,200,0
Swellow,normal,flying,60,85,60,75,50,125,455,0.7,19.8,45,0
Wingull,water,flying,40,30,30,55,30,85,270,0.6,9.5,190,0
Pelipper,water,flying,60,50,100,95,70,65,440,1.2,28.0,45,0
Ralts,psychic,fairy,28,25,25,45,35,40,198,0.4,6.6,235,0
Kirlia,psychic,fairy,38,35,35,65,55,50,278,0.8,20.2,120,0
Gardevoir,psychic,fairy,68,85,65,165,135,100,618,1.6,48.4,45,0
Surskit,bug,water,40,30,32,50,52,65,269,0.5,1.7,200,0
Masquerain,bug,flying,70,60,62,100,82,80,454,0.8,3.6,75,0
Shroomish,grass,,60,40,60,40,60,35,295,0.4,4.5,255,0
Breloom,grass,fighting,60,130,80,60,60,70,460,1.2,39.2,90,0
Slakoth,normal,,60,60,60,35,35,30,280,0.8,24.0,255,0
Vigoroth,normal,,80,80,80,55,55,90,440,1.4,46.5,120,0
Slaking,normal,,150,160,100,95,65,100,670,2.0,130.5,45,0
Nincada,bug,ground,31,45,90,30,30,40,266,0.5,5.5,255,0
Ninjask,bug,flying,61,90,45,50,50,160,456,0.8,12.0,120,0
Shedinja,bug,ghost,1,90,45,30,30,40,236,0.8,1.2,45,0
Whismur,normal,,64,51,23,51,23,28,240,0.6,16.3,190,0
Loudred,normal,,84,71,43,71,43,48,360,1.0,40.5,120,0
Exploud,normal,,104,91,63,91,73,68,490,1.5,84.0,45,0
Makuhita,fighting,,72,60,30,20,30,25,237,1.0,86.4,180,0
Hariyama,fighting,,144,120,60,40,60,50,474,2.3,253.8,200,0
Azurill,normal,fairy,50,20,40,20,40,20,190,0.2,2.0,150,0
Nosepass,rock,,30,45,135,45,90,30,375,1.0,97.0,255,0
Skitty,normal,,50,45,45,35,35,50,260,0.6,11.0,255,0
Delcatty,normal,,70,65,65,55,55,90,400,1.1,32.6,60,0
Sableye,dark,ghost,50,85,125,85,115,20,480,0.5,11.0,45,0
Mawile,steel,fairy,50,105,125,55,95,50,480,0.6,11.5,45,0
Aron,steel,rock,50,70,100,40,40,30,330,0.4,60.0,180,0
Lairon,steel,rock,60,90,140,50,50,40,430,0.9,120.0,90,0
Aggron,steel,rock,70,140,230,60,80,50,630,2.1,360.0,45,0
Meditite,fighting,psychic,30,40,55,40,55,60,280,0.6,11.2,180,0
Medicham,fighting,psychic,60,100,85,80,85,100,510,1.3,31.5,90,0
Electrike,electric,,40,45,40,65,40,65,295,0.6,15.2,120,0
Manectric,electric,,70,75,80,135,80,135,575,1.5,40.2,45,0
Plusle,electric,,60,50,40,85,75,95,405,0.4,4.2,200,0
Minun,electric,,60,40,50,75,85,95,405,0.4,4.2,200,0
Volbeat,bug,,65,73,75,47,85,85,430,0.7,17.7,150,0
Illumise,bug,,65,47,75,73,85,85,430,0.6,17.7,150,0
Roselia,grass,poison,50,60,45,100,80,65,400,0.3,2.0,150,0
Gulpin,poison,,70,43,53,43,53,40,302,0.4,10.3,225,0
Swalot,poison,,100,73,83,73,83,55,467,1.7,80.0,75,0
Carvanha,water,dark,45,90,20,65,20,65,305,0.8,20.8,225,0
Sharpedo,water,dark,70,140,70,110,65,105,560,1.8,88.8,60,0
Wailmer,water,,130,70,35,70,35,60,400,2.0,130.0,125,0
Wailord,water,,170,90,45,90,45,60,500,14.5,398.0,60,0
Numel,fire,ground,60,60,40,65,45,35,305,0.7,24.0,255,0
Camerupt,fire,ground,70,120,100,145,105,20,560,1.9,220.0,150,0
Torkoal,fire,,70,85,140,85,70,20,470,0.5,80.4,90,0
Spoink,psychic,,60,25,35,70,80,60,330,0.7,30.6,255,0
Grumpig,psychic,,80,45,65,90,110,80,470,0.9,71.5,60,0
Spinda,normal,,60,60,60,60,60,60,360,1.1,5.0,255,0
Trapinch,ground,,45,100,45,45,45,10,290,0.7,15.0,255,0
Vibrava,ground,dragon,50,70,50,50,50,70,340,1.1,15.3,120,0
Flygon,ground,dragon,80,100,80,80,80,100,520,2.0,82.0,45,0
Cacnea,grass,,50,85,40,85,40,35,335,0.4,51.3,190,0
Cacturne,grass,dark,70,115,60,115,60,55,475,1.3,77.4,60,0
Swablu,normal,flying,45,40,60,40,75,50,310,0.4,1.2,255,0
Altaria,dragon,flying,75,110,110,110,105,80,590,1.1,20.6,45,0
Zangoose,normal,,73,115,60,60,60,90,458,1.3,40.3,90,0
Seviper,poison,,73,100,60,100,60,65,458,2.7,52.5,90,0
Lunatone,rock,psychic,90,55,65,95,85,70,460,1.0,168.0,45,0
Solrock,rock,psychic,90,95,85,55,65,70,460,1.2,154.0,45,0
Barboach,water,ground,50,48,43,46,41,60,288,0.4,1.9,190,0
Whiscash,water,ground,110,78,73,76,71,60,468,0.9,23.6,75,0
Corphish,water,,43,80,65,50,35,35,308,0.6,11.5,205,0
Crawdaunt,water,dark,63,120,85,90,55,55,468,1.1,32.8,155,0
Baltoy,ground,psychic,40,40,55,40,70,55,300,0.5,21.5,255,0
Claydol,ground,psychic,60,70,105,70,120,75,500,1.5,108.0,90,0
Lileep,rock,grass,66,41,77,61,87,23,355,1.0,23.8,45,0
Cradily,rock,grass,86,81,97,81,107,43,495,1.5,60.4,45,0
Anorith,rock,bug,45,95,50,40,50,75,355,0.7,12.5,45,0
Armaldo,rock,bug,75,125,100,70,80,45,495,1.5,68.2,45,0
Feebas,water,,20,15,20,10,55,80,200,0.6,7.4,255,0
Milotic,water,,95,60,79,100,125,81,540,6.2,162.0,60,0
Castform,normal,,70,70,70,70,70,70,420,0.3,0.8,45,0
Kecleon,normal,,60,90,70,60,120,40,440,1.0,22.0,200,0
Shuppet,ghost,,44,75,35,63,33,45,295,0.6,2.3,225,0
Banette,ghost,,64,165,75,93,83,75,555,1.1,12.5,45,0
Duskull,ghost,,20,40,90,30,90,25,295,0.8,15.0,190,0
Dusclops,ghost,,40,70,130,60,130,25,455,1.6,30.6,90,0
Tropius,grass,flying,99,68,83,72,87,51,460,2.0,100.0,200,0
Chimecho,psychic,,75,50,80,95,90,65,455,0.6,1.0,45,0
Absol,dark,,65,150,60,115,60,115,565,1.2,47.0,30,0
Wynaut,psychic,,95,23,48,23,48,23,260,0.6,14.0,125,0
Snorunt,ice,,50,50,50,50,50,50,300,0.7,16.8,190,0
Glalie,ice,,80,120,80,120,80,100,580,1.5,256.5,75,0
Spheal,ice,water,70,40,50,55,50,25,290,0.8,39.5,255,0
Sealeo,ice,water,90,60,70,75,70,45,410,1.1,87.6,120,0
Walrein,ice,water,110,80,90,95,90,65,530,1.4,150.6,45,0
Clamperl,water,,35,64,85,74,55,32,345,0.4,52.5,255,0
Huntail,water,,55,104,105,94,75,52,485,1.7,27.0,60,0
Gorebyss,water,,55,84,105,114,75,52,485,1.8,22.6,60,0
Relicanth,water,rock,100,90,130,45,65,55,485,1.0,23.4,25,0
Luvdisc,water,,43,30,55,40,65,97,330,0.6,8.7,225,0
Bagon,dragon,,45,75,60,40,30,50,300,0.6,42.1,45,0
Shelgon,dragon,,65,95,100,60,50,50,420,1.1,110.5,45,0
Salamence,dragon,flying,95,145,130,120,90,120,700,1.5,102.6,45,0
Beldum,steel,psychic,40,55,80,35,60,30,300,0.6,95.2,3,0
Metang,steel,psychic,60,75,100,55,80,50,420,1.2,202.5,3,0
Metagross,steel,psychic,80,145,150,105,110,110,700,1.6,550.0,3,0
Regirock,rock,,80,100,200,50,100,50,580,1.7,230.0,3,1
Regice,ice,,80,50,100,100,200,50,580,1.8,175.0,3,1
Registeel,steel,,80,75,150,75,150,50,580,1.9,205.0,3,1
Latias,dragon,psychic,80,100,120,140,150,110,700,1.4,40.0,3,1
Latios,dragon,psychic,80,130,100,160,120,110,700,2.0,60.0,3,1
Kyogre,water,,100,150,90,180,160,90,770,4.5,352.0,3,1
Groudon,ground,,100,180,160,150,90,90,770,3.5,950.0,3,1
Rayquaza,dragon,flying,105,180,100,180,100,115,780,7.0,206.5,45,1
Jirachi,steel,psychic,100,100,100,100,100,100,600,0.3,1.1,3,1
Deoxys,psychic,,50,95,90,95,90,180,600,1.7,60.8,3,1
Turtwig,grass,,55,68,64,45,55,31,318,0.4,10.2,45,0
Grotle,grass,,75,89,85,55,65,36,405,1.1,97.0,45,0
Torterra,grass,ground,95,109,105,75,85,56,525,2.2,310.0,45,0
Chimchar,fire,,44,58,44,58,44,61,309,0.5,6.2,45,0
Monferno,fire,fighting,64,78,52,78,52,81,405,0.9,22.0,45,0
Infernape,fire,fighting,76,104,71,104,71,108,534,1.2,55.0,45,0
Piplup,water,,53,51,53,61,56,40,314,0.4,5.2,45,0
Prinplup,water,,64,66,68,81,76,50,405,0.8,23.0,45,0
Empoleon,water,steel,84,86,88,111,101,60,530,1.7,84.5,45,0
Starly,normal,flying,40,55,30,30,30,60,245,0.3,2.0,255,0
Staravia,normal,flying,55,75,50,40,40,80,340,0.6,15.5,120,0
Staraptor,normal,flying,85,120,70,50,60,100,485,1.2,24.9,45,0
Bidoof,normal,,59,45,40,35,40,31,250,0.5,20.0,255,0
Bibarel,normal,water,79,85,60,55,60,71,410,1.0,31.5,127,0
Kricketot,bug,,37,25,41,25,41,25,194,0.3,2.2,255,0
Kricketune,bug,,77,85,51,55,51,65,384,1.0,25.5,45,0
Shinx,electric,,45,65,34,40,34,45,263,0.5,9.5,235,0
Luxio,electric,,60,85,49,60,49,60,363,0.9,30.5,120,0
Luxray,electric,,80,120,79,95,79,70,523,1.4,42.0,45,0
Budew,grass,poison,40,30,35,50,70,55,280,0.2,1.2,255,0
Roserade,grass,poison,60,70,65,125,105,90,515,0.9,14.5,75,0
Cranidos,rock,,67,125,40,30,30,58,350,0.9,31.5,45,0
Rampardos,rock,,97,165,60,65,50,58,495,1.6,102.5,45,0
Shieldon,rock,steel,30,42,118,42,88,30,350,0.5,57.0,45,0
Bastiodon,rock,steel,60,52,168,47,138,30,495,1.3,149.5,45,0
Burmy,bug,,40,29,45,29,45,36,224,0.2,3.4,120,0
Wormadam,bug,grass,60,69,95,69,95,36,424,0.5,6.5,45,0
Mothim,bug,flying,70,94,50,94,50,66,424,0.9,23.3,45,0
Combee,bug,flying,30,30,42,30,42,70,244,0.3,5.5,120,0
Vespiquen,bug,flying,70,80,102,80,102,40,474,1.2,38.5,45,0
Pachirisu,electric,,60,45,70,45,90,95,405,0.4,3.9,200,0
Buizel,water,,55,65,35,60,30,85,330,0.7,29.5,190,0
Floatzel,water,,85,105,55,85,50,115,495,1.1,33.5,75,0
Cherubi,grass,,45,35,45,62,53,35,275,0.4,3.3,190,0
Cherrim,grass,,70,60,70,87,78,85,450,0.5,9.3,75,0
Shellos,water,,76,48,48,57,62,34,325,0.3,6.3,190,0
Gastrodon,water,ground,111,83,68,92,82,39,475,0.9,29.9,75,0
Ambipom,normal,,75,100,66,60,66,115,482,1.2,20.3,45,0
Drifloon,ghost,flying,90,50,34,60,44,70,348,0.4,1.2,125,0
Drifblim,ghost,flying,150,80,44,90,54,80,498,1.2,15.0,60,0
Buneary,normal,,55,66,44,44,56,85,350,0.4,5.5,190,0
Lopunny,normal,,65,136,94,54,96,135,580,1.2,33.3,60,0
Mismagius,ghost,,60,60,60,105,105,105,495,0.9,4.4,45,0
Honchkrow,dark,flying,100,125,52,105,52,71,505,0.9,27.3,30,0
Glameow,normal,,49,55,42,42,37,85,310,0.5,3.9,190,0
Purugly,normal,,71,82,64,64,59,112,452,1.0,43.8,75,0
Chingling,psychic,,45,30,50,65,50,45,285,0.2,0.6,120,0
Stunky,poison,dark,63,63,47,41,41,74,329,0.4,19.2,225,0
Skuntank,poison,dark,103,93,67,71,61,84,479,1.0,38.0,60,0
Bronzor,steel,psychic,57,24,86,24,86,23,300,0.5,60.5,255,0
Bronzong,steel,psychic,67,89,116,79,116,33,500,1.3,187.0,90,0
Bonsly,rock,,50,80,95,10,45,10,290,0.5,15.0,255,0
Mime Jr.,psychic,fairy,20,25,45,70,90,60,310,0.6,13.0,145,0
Happiny,normal,,100,5,5,15,65,30,220,0.6,24.4,130,0
Chatot,normal,flying,76,65,45,92,42,91,411,0.5,1.9,30,0
Spiritomb,ghost,dark,50,92,108,92,108,35,485,1.0,108.0,100,0
Gible,dragon,ground,58,70,45,40,45,42,300,0.7,20.5,45,0
Gabite,dragon,ground,68,90,65,50,55,82,410,1.4,56.0,45,0
Garchomp,dragon,ground,108,170,115,120,95,92,700,1.9,95.0,45,0
Munchlax,normal,,135,85,40,40,85,5,390,0.6,105.0,50,0
Riolu,fighting,,40,70,40,35,40,60,285,0.7,20.2,75,0
Lucario,fighting,steel,70,145,88,140,70,112,625,1.2,54.0,45,0
Hippopotas,ground,,68,72,78,38,42,32,330,0.8,49.5,140,0
Hippowdon,ground,,108,112,118,68,72,47,525,2.0,300.0,60,0
Skorupi,poison,bug,40,50,90,30,55,65,330,0.8,12.0,120,0
Drapion,poison,dark,70,90,110,60,75,95,500,1.3,61.5,45,0
Croagunk,poison,fighting,48,61,40,61,40,50,300,0.7,23.0,140,0
Toxicroak,poison,fighting,83,106,65,86,65,85,490,1.3,44.4,75,0
Carnivine,grass,,74,100,72,90,72,46,454,1.4,27.0,200,0
Finneon,water,,49,49,56,49,61,66,330,0.4,7.0,190,0
Lumineon,water,,69,69,76,69,86,91,460,1.2,24.0,75,0
Mantyke,water,flying,45,20,50,60,120,50,345,1.0,65.0,25,0
Snover,grass,ice,60,62,50,62,60,40,334,1.0,50.5,120,0
Abomasnow,grass,ice,90,132,105,132,105,30,594,2.2,135.5,60,0
Weavile,dark,ice,70,120,65,45,85,125,510,1.1,34.0,45,0
Magnezone,electric,steel,70,70,115,130,90,60,535,1.2,180.0,30,0
Lickilicky,normal,,110,85,95,80,95,50,515,1.7,140.0,30,0
Rhyperior,ground,rock,115,140,130,55,55,40,535,2.4,282.8,30,0
Tangrowth,grass,,100,100,125,110,50,50,535,2.0,128.6,30,0
Electivire,electric,,75,123,67,95,85,95,540,1.8,138.6,30,0
Magmortar,fire,,75,95,67,125,95,83,540,1.6,68.0,30,0
Togekiss,fairy,flying,85,50,95,120,115,80,545,1.5,38.0,30,0
Yanmega,bug,flying,86,76,86,116,56,95,515,1.9,51.5,30,0
Leafeon,grass,,65,110,130,60,65,95,525,1.0,25.5,45,0
Glaceon,ice,,65,60,110,130,95,65,525,0.8,25.9,45,0
Gliscor,ground,flying,75,95,125,45,75,95,510,2.0,42.5,30,0
Mamoswine,ice,ground,110,130,80,70,60,80,530,2.5,291.0,50,0
Porygon-Z,normal,,85,80,70,135,75,90,535,0.9,34.0,30,0
Gallade,psychic,fighting,68,165,95,65,115,110,618,1.6,52.0,45,0
Probopass,rock,steel,60,55,145,75,150,40,525,1.4,340.0,60,0
Dusknoir,ghost,,45,100,135,65,135,45,525,2.2,106.6,45,0
Froslass,ice,ghost,70,80,70,80,70,110,480,1.3,26.6,75,0
Rotom,electric,ghost,50,65,107,105,107,86,520,0.3,0.3,45,0
Uxie,psychic,,75,75,130,75,130,95,580,0.3,0.3,3,1
Mesprit,psychic,,80,105,105,105,105,80,580,0.3,0.3,3,1
Azelf,psychic,,75,125,70,125,70,115,580,0.3,0.3,3,1
Dialga,steel,dragon,100,120,120,150,100,90,680,5.4,683.0,3,1
Palkia,water,dragon,90,120,100,150,120,100,680,4.2,336.0,3,1
Heatran,fire,steel,91,90,106,130,106,77,600,1.7,430.0,3,1
Regigigas,normal,,110,160,110,80,110,100,670,3.7,420.0,3,1
Giratina,ghost,dragon,150,120,100,120,100,90,680,4.5,750.0,3,1
Cresselia,psychic,,120,70,120,75,130,85,600,1.5,85.6,3,1
Phione,water,,80,80,80,80,80,80,480,0.4,3.1,30,0
Manaphy,water,,100,100,100,100,100,100,600,0.3,1.4,3,1
Darkrai,dark,,70,90,90,135,90,125,600,1.5,50.5,3,1
Shaymin,grass,grass,100,103,75,120,75,127,600,0.2,2.1,45,1
Arceus,normal,,120,120,120,120,120,120,720,3.2,320.0,3,1
Victini,psychic,fire,100,100,100,100,100,100,600,0.4,4.0,3,1
Snivy,grass,,45,45,55,45,55,63,308,0.6,8.1,45,0
Servine,grass,,60,60,75,60,75,83,413,0.8,16.0,45,0
Serperior,grass,,75,75,95,75,95,113,528,3.3,63.0,45,0
Tepig,fire,,65,63,45,45,45,45,308,0.5,9.9,45,0
Pignite,fire,fighting,90,93,55,70,55,55,418,1.0,55.5,45,0
Emboar,fire,fighting,110,123,65,100,65,65,528,1.6,150.0,45,0
Oshawott,water,,55,55,45,63,45,45,308,0.5,5.9,45,0
Dewott,water,,75,75,60,83,60,60,413,0.8,24.5,45,0
Samurott,water,,95,100,85,108,70,70,528,1.5,94.6,45,0
Patrat,normal,,45,55,39,35,39,42,255,0.5,11.6,255,0
Watchog,normal,,60,85,69,60,69,77,420,1.1,27.0,255,0
Lillipup,normal,,45,60,45,25,45,55,275,0.4,4.1,255,0
Herdier,normal,,65,80,65,35,65,60,370,0.9,14.7,120,0
Stoutland,normal,,85,110,90,45,90,80,500,1.2,61.0,45,0
Purrloin,dark,,41,50,37,50,37,66,281,0.4,10.1,255,0
Liepard,dark,,64,88,50,88,50,106,446,1.1,37.5,90,0
Pansage,grass,,50,53,48,53,48,64,316,0.6,10.5,190,0
Simisage,grass,,75,98,63,98,63,101,498,1.1,30.5,75,0
Pansear,fire,,50,53,48,53,48,64,316,0.6,11.0,190,0
Simisear,fire,,75,98,63,98,63,101,498,1.0,28.0,75,0
Panpour,water,,50,53,48,53,48,64,316,0.6,13.5,190,0
Simipour,water,,75,98,63,98,63,101,498,1.0,29.0,75,0
Munna,psychic,,76,25,45,67,55,24,292,0.6,23.3,190,0
Musharna,psychic,,116,55,85,107,95,29,487,1.1,60.5,75,0
Pidove,normal,flying,50,55,50,36,30,43,264,0.3,2.1,255,0
Tranquill,normal,flying,62,77,62,50,42,65,358,0.6,15.0,120,0
Unfezant,normal,flying,80,115,80,65,55,93,488,1.2,29.0,45,0
Blitzle,electric,,45,60,32,50,32,76,295,0.8,29.8,190,0
Zebstrika,electric,,75,100,63,80,63,116,497,1.6,79.5,75,0
Roggenrola,rock,,55,75,85,25,25,15,280,0.4,18.0,255,0
Boldore,rock,,70,105,105,50,40,20,390,0.9,102.0,120,0
Gigalith,rock,,85,135,130,60,80,25,515,1.7,260.0,45,0
Woobat,psychic,flying,65,45,43,55,43,72,323,0.4,2.1,190,0
Swoobat,psychic,flying,67,57,55,77,55,114,425,0.9,10.5,45,0
Drilbur,ground,,60,85,40,30,45,68,328,0.3,8.5,120,0
Excadrill,ground,steel,110,135,60,50,65,88,508,0.7,40.4,60,0
Audino,normal,,103,60,126,80,126,50,545,1.1,31.0,255,0
Timburr,fighting,,75,80,55,25,35,35,305,0.6,12.5,180,0
Gurdurr,fighting,,85,105,85,40,50,40,405,1.2,40.0,90,0
Conkeldurr,fighting,,105,140,95,55,65,45,505,1.4,87.0,45,0
Tympole,water,,50,50,40,50,40,64,294,0.5,4.5,255,0
Palpitoad,water,ground,75,65,55,65,55,69,384,0.8,17.0,120,0
Seismitoad,water,ground,105,95,75,85,75,74,509,1.5,62.0,45,0
Throh,fighting,,120,100,85,30,85,45,465,1.3,55.5,45,0
Sawk,fighting,,75,125,75,30,75,85,465,1.4,51.0,45,0
Sewaddle,bug,grass,45,53,70,40,60,42,310,0.3,2.5,255,0
Swadloon,bug,grass,55,63,90,50,80,42,380,0.5,7.3,120,0
Leavanny,bug,grass,75,103,80,70,80,92,500,1.2,20.5,45,0
Venipede,bug,poison,30,45,59,30,39,57,260,0.4,5.3,255,0
Whirlipede,bug,poison,40,55,99,40,79,47,360,1.2,58.5,120,0
Scolipede,bug,poison,60,100,89,55,69,112,485,2.5,200.5,45,0
Cottonee,grass,fairy,40,27,60,37,50,66,280,0.3,0.6,190,0
Whimsicott,grass,fairy,60,67,85,77,75,116,480,0.7,6.6,75,0
Petilil,grass,,45,35,50,70,50,30,280,0.5,6.6,190,0
Lilligant,grass,,70,60,75,110,75,90,480,1.1,16.3,75,0
Basculin,water,,70,92,65,80,55,98,460,1.0,18.0,25,0
Sandile,ground,dark,50,72,35,35,35,65,292,0.7,15.2,180,0
Krokorok,ground,dark,60,82,45,45,45,74,351,1.0,33.4,90,0
Krookodile,ground,dark,95,117,80,65,70,92,519,1.5,96.3,45,0
Darumaka,fire,,70,90,45,15,45,50,315,0.6,37.5,120,0
Darmanitan,fire,fire,105,30,105,140,105,55,540,1.3,92.9,60,0
Maractus,grass,,75,86,67,106,67,60,461,1.0,28.0,255,0
Dwebble,bug,rock,50,65,85,35,35,55,325,0.3,14.5,190,0
Crustle,bug,rock,70,105,125,65,75,45,485,1.4,200.0,75,0
Scraggy,dark,fighting,50,75,70,35,70,48,348,0.6,11.8,180,0
Scrafty,dark,fighting,65,90,115,45,115,58,488,1.1,30.0,90,0
Sigilyph,psychic,flying,72,58,80,103,80,97,490,1.4,14.0,45,0
Yamask,ghost,,38,30,85,55,65,30,303,0.5,1.5,190,0
Cofagrigus,ghost,,58,50,145,95,105,30,483,1.7,76.5,90,0
Tirtouga,water,rock,54,78,103,53,45,22,355,0.7,16.5,45,0
Carracosta,water,rock,74,108,133,83,65,32,495,1.2,81.0,45,0
Archen,rock,flying,55,112,45,74,45,70,401,0.5,9.5,45,0
Archeops,rock,flying,75,140,65,112,65,110,567,1.4,32.0,45,0
Trubbish,poison,,50,50,62,40,62,65,329,0.6,31.0,190,0
Garbodor,poison,,80,95,82,60,82,75,474,1.9,107.3,60,0
Zorua,dark,,40,65,40,80,40,65,330,0.7,12.5,75,0
Zoroark,dark,,60,105,60,120,60,105,510,1.6,81.1,45,0
Minccino,normal,,55,50,40,40,40,75,300,0.4,5.8,255,0
Cinccino,normal,,75,95,60,65,60,115,470,0.5,7.5,60,0
Gothita,psychic,,45,30,50,55,65,45,290,0.4,5.8,200,0
Gothorita,psychic,,60,45,70,75,85,55,390,0.7,18.0,100,0
Gothitelle,psychic,,70,55,95,95,110,65,490,1.5,44.0,50,0
Solosis,psychic,,45,30,40,105,50,20,290,0.3,1.0,200,0
Duosion,psychic,,65,40,50,125,60,30,370,0.6,8.0,100,0
Reuniclus,psychic,,110,65,75,125,85,30,490,1.0,20.1,50,0
Ducklett,water,flying,62,44,50,44,50,55,305,0.5,5.5,190,0
Swanna,water,flying,75,87,63,87,63,98,473,1.3,24.2,45,0
Vanillite,ice,,36,50,50,65,60,44,305,0.4,5.7,255,0
Vanillish,ice,,51,65,65,80,75,59,395,1.1,41.0,120,0
Vanilluxe,ice,,71,95,85,110,95,79,535,1.3,57.5,45,0
Deerling,normal,grass,60,60,50,40,50,75,335,0.6,19.5,190,0
Sawsbuck,normal,grass,80,100,70,60,70,95,475,1.9,92.5,75,0
Emolga,electric,flying,55,75,60,75,60,103,428,0.4,5.0,200,0
Karrablast,bug,,50,75,45,40,45,60,315,0.5,5.9,200,0
Escavalier,bug,steel,70,135,105,60,105,20,495,1.0,33.0,75,0
Foongus,grass,poison,69,55,45,55,55,15,294,0.2,1.0,190,0
Amoonguss,grass,poison,114,85,70,85,80,30,464,0.6,10.5,75,0
Frillish,water,ghost,55,40,50,65,85,40,335,1.2,33.0,190,0
Jellicent,water,ghost,100,60,70,85,105,60,480,2.2,135.0,60,0
Alomomola,water,,165,75,80,40,45,65,470,1.2,31.6,75,0
Joltik,bug,electric,50,47,50,57,50,65,319,0.1,0.6,190,0
Galvantula,bug,electric,70,77,60,97,60,108,472,0.8,14.3,75,0
Ferroseed,grass,steel,44,50,91,24,86,10,305,0.6,18.8,255,0
Ferrothorn,grass,steel,74,94,131,54,116,20,489,1.0,110.0,90,0
Klink,steel,,40,55,70,45,60,30,300,0.3,21.0,130,0
Klang,steel,,60,80,95,70,85,50,440,0.6,51.0,60,0
Klinklang,steel,,60,100,115,70,85,90,520,0.6,81.0,30,0
Tynamo,electric,,35,55,40,45,40,60,275,0.2,0.3,190,0
Eelektrik,electric,,65,85,70,75,70,40,405,1.2,22.0,60,0
Eelektross,electric,,85,115,80,105,80,50,515,2.1,80.5,30,0
Elgyem,psychic,,55,55,55,85,55,30,335,0.5,9.0,255,0
Beheeyem,psychic,,75,75,75,125,95,40,485,1.0,34.5,90,0
Litwick,ghost,fire,50,30,55,65,55,20,275,0.3,3.1,190,0
Lampent,ghost,fire,60,40,60,95,60,55,370,0.6,13.0,90,0
Chandelure,ghost,fire,60,55,90,145,90,80,520,1.0,34.3,45,0
Axew,dragon,,46,87,60,30,40,57,320,0.6,18.0,75,0
Fraxure,dragon,,66,117,70,40,50,67,410,1.0,36.0,60,0
Haxorus,dragon,,76,147,90,60,70,97,540,1.8,105.5,45,0
Cubchoo,ice,,55,70,40,60,40,40,305,0.5,8.5,120,0
Beartic,ice,,95,130,80,70,80,50,505,2.6,260.0,60,0
Cryogonal,ice,,80,50,50,95,135,105,515,1.1,148.0,25,0
Shelmet,bug,,50,40,85,40,65,25,305,0.4,7.7,200,0
Accelgor,bug,,80,70,40,100,60,145,495,0.8,25.3,75,0
Stunfisk,ground,electric,109,66,84,81,99,32,471,0.7,11.0,75,0
Mienfoo,fighting,,45,85,50,55,50,65,350,0.9,20.0,180,0
Mienshao,fighting,,65,125,60,95,60,105,510,1.4,35.5,45,0
Druddigon,dragon,,77,120,90,60,90,48,485,1.6,139.0,45,0
Golett,ground,ghost,59,74,50,35,50,35,303,1.0,92.0,190,0
Golurk,ground,ghost,89,124,80,55,80,55,483,2.8,330.0,90,0
Pawniard,dark,steel,45,85,70,40,40,60,340,0.5,10.2,120,0
Bisharp,dark,steel,65,125,100,60,70,70,490,1.6,70.0,45,0
Bouffalant,normal,,95,110,95,40,95,55,490,1.6,94.6,45,0
Rufflet,normal,flying,70,83,50,37,50,60,350,0.5,10.5,190,0
Braviary,normal,flying,100,123,75,57,75,80,510,1.5,41.0,60,0
Vullaby,dark,flying,70,55,75,45,65,60,370,0.5,9.0,190,0
Mandibuzz,dark,flying,110,65,105,55,95,80,510,1.2,39.5,60,0
Heatmor,fire,,85,97,66,105,66,65,484,1.4,58.0,90,0
Durant,bug,steel,58,109,112,48,48,109,484,0.3,33.0,90,0
Deino,dark,dragon,52,65,50,45,50,38,300,0.8,17.3,45,0
Zweilous,dark,dragon,72,85,70,65,70,58,420,1.4,50.0,45,0
Hydreigon,dark,dragon,92,105,90,125,90,98,600,1.8,160.0,45,0
Larvesta,bug,fire,55,85,55,50,55,60,360,1.1,28.8,45,0
Volcarona,bug,fire,85,60,65,135,105,100,550,1.6,46.0,15,0
Cobalion,steel,fighting,91,90,129,90,72,108,580,2.1,250.0,3,1
Terrakion,rock,fighting,91,129,90,72,90,108,580,1.9,260.0,3,1
Virizion,grass,fighting,91,90,72,90,129,108,580,2.0,200.0,3,1
Tornadus,flying,,79,100,80,110,90,121,580,1.5,63.0,3,1
Thundurus,electric,flying,79,105,70,145,80,101,580,1.5,61.0,3,1
Reshiram,dragon,fire,100,120,100,150,120,90,680,3.2,330.0,3,1
Zekrom,dragon,electric,100,150,120,120,100,90,680,2.9,345.0,3,1
Landorus,ground,flying,89,145,90,105,80,91,600,1.5,68.0,3,1
Kyurem,dragon,ice,125,120,90,170,100,95,700,3.0,325.0,3,1
Keldeo,water,fighting,91,72,90,129,90,108,580,1.4,48.5,3,1
Meloetta,normal,psychic,100,128,90,77,77,128,600,0.6,6.5,3,1
Genesect,bug,steel,71,120,95,120,95,99,600,1.5,82.5,3,1
Chespin,grass,,56,61,65,48,45,38,313,0.4,9.0,45,0
Quilladin,grass,,61,78,95,56,58,57,405,0.7,29.0,45,0
Chesnaught,grass,fighting,88,107,122,74,75,64,530,1.6,90.0,45,0
Fennekin,fire,,40,45,40,62,60,60,307,0.4,9.4,45,0
Braixen,fire,,59,59,58,90,70,73,409,1.0,14.5,45,0
Delphox,fire,psychic,75,69,72,114,100,104,534,1.5,39.0,45,0
Froakie,water,,41,56,40,62,44,71,314,0.3,7.0,45,0
Frogadier,water,,54,63,52,83,56,97,405,0.6,10.9,45,0
Greninja,water,dark,72,145,67,153,71,132,640,1.5,40.0,45,0
Bunnelby,normal,,38,36,38,32,36,57,237,0.4,5.0,255,0
Diggersby,normal,ground,85,56,77,50,77,78,423,1.0,42.4,127,0
Fletchling,normal,flying,45,50,43,40,38,62,278,0.3,1.7,255,0
Fletchinder,fire,flying,62,73,55,56,52,84,382,0.7,16.0,120,0
Talonflame,fire,flying,78,81,71,74,69,126,499,1.2,24.5,45,0
Scatterbug,bug,,38,35,40,27,25,35,200,0.3,2.5,255,0
Spewpa,bug,,45,22,60,27,30,29,213,0.3,8.4,120,0
Vivillon,bug,flying,80,52,50,90,50,89,411,1.2,17.0,45,0
Litleo,fire,normal,62,50,58,73,54,72,369,0.6,13.5,220,0
Pyroar,fire,normal,86,68,72,109,66,106,507,1.5,81.5,65,0
Flabébé,fairy,,44,38,39,61,79,42,303,0.1,0.1,225,0
Floette,fairy,,74,65,67,125,128,92,551,0.2,0.9,120,0
Florges,fairy,,78,65,68,112,154,75,552,1.1,10.0,45,0
Skiddo,grass,,66,65,48,62,57,52,350,0.9,31.0,200,0
Gogoat,grass,,123,100,62,97,81,68,531,1.7,91.0,45,0
Pancham,fighting,,67,82,62,46,48,43,348,0.6,8.0,220,0
Pangoro,fighting,dark,95,124,78,69,71,58,495,2.1,136.0,65,0
Furfrou,normal,,75,80,60,65,90,102,472,1.2,28.0,160,0
Espurr,psychic,,62,48,54,63,60,68,355,0.3,3.5,190,0
Meowstic,psychic,,74,48,76,83,81,104,466,0.6,8.5,75,0
Honedge,steel,ghost,45,80,100,35,37,28,325,0.8,2.0,180,0
Doublade,steel,ghost,59,110,150,45,49,35,448,0.8,4.5,90,0
Aegislash,steel,ghost,60,150,50,150,50,60,520,1.7,53.0,45,0
Spritzee,fairy,,78,52,60,63,65,23,341,0.2,0.5,200,0
Aromatisse,fairy,,101,72,72,99,89,29,462,0.8,15.5,140,0
Swirlix,fairy,,62,48,66,59,57,49,341,0.4,3.5,200,0
Slurpuff,fairy,,82,80,86,85,75,72,480,0.8,5.0,140,0
Inkay,dark,psychic,53,54,53,37,46,45,288,0.4,3.5,190,0
Malamar,dark,psychic,86,92,88,68,75,73,482,1.5,47.0,80,0
Binacle,rock,water,42,52,67,39,56,50,306,0.5,31.0,120,0
Barbaracle,rock,water,72,105,115,54,86,68,500,1.3,96.0,45,0
Skrelp,poison,water,50,60,60,60,60,30,320,0.5,7.3,225,0
Dragalge,poison,dragon,65,75,90,97,123,44,494,1.8,81.5,55,0
Clauncher,water,,50,53,62,58,63,44,330,0.5,8.3,225,0
Clawitzer,water,,71,73,88,120,89,59,500,1.3,35.3,55,0
Helioptile,electric,normal,44,38,33,61,43,70,289,0.5,6.0,190,0
Heliolisk,electric,normal,62,55,52,109,94,109,481,1.0,21.0,75,0
Tyrunt,rock,dragon,58,89,77,45,45,48,362,0.8,26.0,45,0
Tyrantrum,rock,dragon,82,121,119,69,59,71,521,2.5,270.0,45,0
Amaura,rock,ice,77,59,50,67,63,46,362,1.3,25.2,45,0
Aurorus,rock,ice,123,77,72,99,92,58,521,2.7,225.0,45,0
Sylveon,fairy,,95,65,65,110,130,60,525,1.0,23.5,45,0
Hawlucha,fighting,flying,78,92,75,74,63,118,500,0.8,21.5,100,0
Dedenne,electric,fairy,67,58,57,81,67,101,431,0.2,2.2,180,0
Carbink,rock,fairy,50,50,150,50,150,50,500,0.3,5.7,60,0
Goomy,dragon,,45,50,35,55,75,40,300,0.3,2.8,45,0
Sliggoo,dragon,,68,75,53,83,113,60,452,0.8,17.5,45,0
Goodra,dragon,,90,100,70,110,150,80,600,2.0,150.5,45,0
Klefki,steel,fairy,57,80,91,80,87,75,470,0.2,3.0,75,0
Phantump,ghost,grass,43,70,48,50,60,38,309,0.4,7.0,120,0
Trevenant,ghost,grass,85,110,76,65,82,56,474,1.5,71.0,60,0
Pumpkaboo,ghost,grass,59,66,70,44,55,41,335,0.8,15.0,120,0
Gourgeist,ghost,grass,85,100,122,58,75,54,494,1.7,39.0,60,0
Bergmite,ice,,55,69,85,32,35,28,304,1.0,99.5,190,0
Avalugg,ice,,95,117,184,44,46,28,514,2.0,505.0,55,0
Noibat,flying,dragon,40,30,35,45,40,55,245,0.5,8.0,190,0
Noivern,flying,dragon,85,70,80,97,80,123,535,1.5,85.0,45,0
Xerneas,fairy,,126,131,95,131,98,99,680,3.0,215.0,45,1
Yveltal,dark,flying,126,131,95,131,98,99,680,5.8,203.0,45,1
Zygarde,dragon,ground,216,100,121,91,95,85,708,5.0,284.6,3,1
Diancie,rock,fairy,50,160,110,160,110,110,700,0.7,8.8,3,1
Hoopa,psychic,ghost,80,160,60,170,130,80,680,,,3,1
Volcanion,fire,water,80,110,120,130,90,70,600,1.7,195.0,3,1
Rowlet,grass,flying,68,55,55,50,50,42,320,0.3,1.5,45,0
Dartrix,grass,flying,78,75,75,70,70,52,420,0.7,16.0,45,0
Decidueye,grass,ghost,78,107,75,100,100,70,530,1.6,36.6,45,0
Litten,fire,,45,65,40,60,40,70,320,0.4,4.3,45,0
Torracat,fire,,65,85,50,80,50,90,420,0.7,25.0,45,0
Incineroar,fire,dark,95,115,90,80,90,60,530,1.8,83.0,45,0
Popplio,water,,50,54,54,66,56,40,320,0.4,7.5,45,0
Brionne,water,,60,69,69,91,81,50,420,0.6,17.5,45,0
Primarina,water,fairy,80,74,74,126,116,60,530,1.8,44.0,45,0
Pikipek,normal,flying,35,75,30,30,30,65,265,0.3,1.2,255,0
Trumbeak,normal,flying,55,85,50,40,50,75,355,0.6,14.8,120,0
Toucannon,normal,flying,80,120,75,75,75,60,485,1.1,26.0,45,0
Yungoos,normal,,48,70,30,30,30,45,253,0.4,6.0,255,0
Gumshoos,normal,,88,110,60,55,60,45,418,0.7,14.2,127,0
Grubbin,bug,,47,62,45,55,45,46,300,0.4,4.4,255,0
Charjabug,bug,electric,57,82,95,55,75,36,400,0.5,10.5,120,0
Vikavolt,bug,electric,77,70,90,145,75,43,500,1.5,45.0,45,0
Crabrawler,fighting,,47,82,57,42,47,63,338,0.6,7.0,225,0
Crabominable,fighting,ice,97,132,77,62,67,43,478,1.7,180.0,60,0
Oricorio,fire,flying,75,70,70,98,70,93,476,0.6,3.4,45,0
Cutiefly,bug,fairy,40,45,40,55,40,84,304,0.1,0.2,190,0
Ribombee,bug,fairy,60,55,60,95,70,124,464,0.2,0.5,75,0
Rockruff,rock,,45,65,40,30,40,60,280,0.5,9.2,190,0
Lycanroc,rock,,85,115,75,55,75,82,487,,,90,0
Wishiwashi,water,,45,140,130,140,135,30,620,0.2,0.3,60,0
Mareanie,poison,water,50,53,62,43,52,45,305,0.4,8.0,190,0
Toxapex,poison,water,50,63,152,53,142,35,495,0.7,14.5,75,0
Mudbray,ground,,70,100,70,45,55,45,385,1.0,110.0,190,0
Mudsdale,ground,,100,125,100,55,85,35,500,2.5,920.0,60,0
Dewpider,water,bug,38,40,52,40,72,27,269,0.3,4.0,200,0
Araquanid,water,bug,68,70,92,50,132,42,454,1.8,82.0,100,0
Fomantis,grass,,40,55,35,50,35,35,250,0.3,1.5,190,0
Lurantis,grass,,70,105,90,80,90,45,480,0.9,18.5,75,0
Morelull,grass,fairy,40,35,55,65,75,15,285,0.2,1.5,190,0
Shiinotic,grass,fairy,60,45,80,90,100,30,405,1.0,11.5,75,0
Salandit,poison,fire,48,44,40,71,40,77,320,0.6,4.8,120,0
Salazzle,poison,fire,68,64,60,111,60,117,480,1.2,22.2,45,0
Stufful,normal,fighting,70,75,50,45,50,50,340,0.5,6.8,140,0
Bewear,normal,fighting,120,125,80,55,60,60,500,2.1,135.0,70,0
Bounsweet,grass,,42,30,38,30,38,32,210,0.3,3.2,235,0
Steenee,grass,,52,40,48,40,48,62,290,0.7,8.2,120,0
Tsareena,grass,,72,120,98,50,98,72,510,1.2,21.4,45,0
Comfey,fairy,,51,52,90,82,110,100,485,0.1,0.3,60,0
Oranguru,normal,psychic,90,60,80,90,110,60,490,1.5,76.0,45,0
Passimian,fighting,,100,120,90,40,60,80,490,2.0,82.8,45,0
Wimpod,bug,water,25,35,40,20,30,80,230,0.5,12.0,90,0
Golisopod,bug,water,75,125,140,60,90,40,530,2.0,108.0,45,0
Sandygast,ghost,ground,55,55,80,70,45,15,320,0.5,70.0,140,0
Palossand,ghost,ground,85,75,110,100,75,35,480,1.3,250.0,60,0
Pyukumuku,water,,55,60,130,30,130,5,410,0.3,1.2,60,0
Type: Null,normal,,95,95,95,95,95,59,534,1.9,120.5,3,0
Silvally,normal,,95,95,95,95,95,95,570,2.3,100.5,3,0
Komala,normal,,65,115,65,75,95,65,480,0.4,19.9,45,0
Turtonator,fire,dragon,60,78,135,91,85,36,485,2.0,212.0,70,0
Togedemaru,electric,steel,65,98,63,40,73,96,435,0.3,3.3,180,0
Mimikyu,ghost,fairy,55,90,80,50,105,96,476,0.2,0.7,45,0
Bruxish,water,psychic,68,105,70,70,70,92,475,0.9,19.0,80,0
Drampa,normal,dragon,78,60,85,135,91,36,485,3.0,185.0,70,0
Dhelmise,ghost,grass,70,131,100,86,90,40,517,3.9,210.0,25,0
Jangmo-o,dragon,,45,55,65,45,45,45,300,0.6,29.7,45,0
Hakamo-o,dragon,fighting,55,75,90,65,70,65,420,1.2,47.0,45,0
Kommo-o,dragon,fighting,75,110,125,100,105,85,600,1.6,78.2,45,0
Tapu Koko,electric,fairy,70,115,85,95,75,130,570,1.8,20.5,3,1
Tapu Lele,psychic,fairy,70,85,75,130,115,95,570,1.2,18.6,3,1
Tapu Bulu,grass,fairy,70,130,115,85,95,75,570,1.9,45.5,3,1
Tapu Fini,water,fairy,70,75,115,95,130,85,570,1.3,21.2,3,1
Cosmog,psychic,,43,29,31,29,31,37,200,0.2,0.1,45,1
Cosmoem,psychic,,43,29,131,29,131,37,400,0.1,999.9,45,1
Solgaleo,psychic,steel,137,137,107,113,89,97,680,3.4,230.0,45,1
Lunala,psychic,ghost,137,113,89,137,107,97,680,4.0,120.0,45,1
Nihilego,rock,poison,109,53,47,127,131,103,570,1.2,55.5,45,1
Buzzwole,bug,fighting,107,139,139,53,53,79,570,2.4,333.6,25,1
Pheromosa,bug,fighting,71,137,37,137,37,151,570,1.8,25.0,255,1
Xurkitree,electric,,83,89,71,173,71,83,570,3.8,100.0,30,1
Celesteela,steel,flying,97,101,103,107,101,61,570,9.2,999.9,25,1
Kartana,grass,steel,59,181,131,59,31,109,570,0.3,0.1,255,1
Guzzlord,dark,dragon,223,101,53,97,53,43,570,5.5,888.0,15,1
Necrozma,psychic,,97,107,101,127,89,79,600,2.4,230.0,3,1
Magearna,steel,fairy,80,95,115,130,115,65,600,1.0,80.5,3,1
